[
  {
    "id": 1848068660,
    "first_name": "Alexandra",
    "last_name": "Wood",
    "phone": "+14242111629",
    "age": "18",
    "avatar": "https://cloudflare-ipfs.com/ipfs/Qmd3W5DuhgHirLHGVixi6V76LhCkZUz6pnFt5AJBiyvHye/avatar/674.jpg"
  },
  {
    "id": 1828860025,
    "first_name": "Sofia",
    "last_name": "Gonzales",
    "phone": "+15629395770",
    "age": "75",
    "avatar": "https://cloudflare-ipfs.com/ipfs/Qmd3W5DuhgHirLHGVixi6V76LhCkZUz6pnFt5AJBiyvHye/avatar/856.jpg"
  },
  {
    "id": 2616427983,
    "first_name": "Kimberly",
    "last_name": "Evans",
    "phone": "+15106362008",
    "age": "20",
    "avatar": "https://cloudflare-ipfs.com/ipfs/Qmd3W5DuhgHirLHGVixi6V76LhCkZUz6pnFt5AJBiyvHye/avatar/182.jpg"
  },
  {
    "id": 2316483813,
    "first_name": "Joseph",
    "last_name": "Sanders",
    "phone": "+12093927176",
    "age": "38",
    "avatar": "https://cloudflare-ipfs.com/ipfs/Qmd3W5DuhgHirLHGVixi6V76LhCkZUz6pnFt5AJBiyvHye/avatar/198.jpg"
  },
  {
    "id": 864671652,
    "first_name": "Austin",
    "last_name": "Wood",
    "phone": "+17173541794",
    "age": "36",
    "avatar": "https://cloudflare-ipfs.com/ipfs/Qmd3W5DuhgHirLHGVixi6V76LhCkZUz6pnFt5AJBiyvHye/avatar/1189.jpg"
  },
  {
    "id": 1632408850,
    "first_name": "Ashley",
    "last_name": "Watson",
    "phone": "+15033297525",
    "age": "52",
    "avatar": "https://cloudflare-ipfs.com/ipfs/Qmd3W5DuhgHirLHGVixi6V76LhCkZUz6pnFt5AJBiyvHye/avatar/674.jpg"
  },
  {
    "id": 2629795159,
    "first_name": "Rebecca",
    "last_name": "Clark",
    "phone": "+19783432215",
    "age": "48",
    "avatar": "https://cloudflare-ipfs.com/ipfs/Qmd3W5DuhgHirLHGVixi6V76LhCkZUz6pnFt5AJBiyvHye/avatar/674.jpg"
  },
  {
    "id": 1943037526,
    "first_name": "Stephen",
    "last_name": "Hughes",
    "phone": "+15674542864",
    "age": "19",
    "avatar": "https://cloudflare-ipfs.com/ipfs/Qmd3W5DuhgHirLHGVixi6V76LhCkZUz6pnFt5AJBiyvHye/avatar/674.jpg"
  },
  {
    "id": 364671213,
    "first_name": "Olivia",
    "last_name": "Anderson",
    "phone": "+17207003759",
    "age": "62",
    "avatar": "https://cloudflare-ipfs.com/ipfs/Qmd3W5DuhgHirLHGVixi6V76LhCkZUz6pnFt5AJBiyvHye/avatar/674.jpg"
  },
  {
    "id": 782208065,
    "first_name": "Aaron",
    "last_name": "Torres",
    "phone": "+19590408824",
    "age": "63",
    "avatar": "https://cloudflare-ipfs.com/ipfs/Qmd3W5DuhgHirLHGVixi6V76LhCkZUz6pnFt5AJBiyvHye/avatar/674.jpg"
  }
]
